"conversation_id_str","created_at","favorite_count","full_text","id_str","image_url","in_reply_to_screen_name","lang","location","quote_count","reply_count","retweet_count","tweet_url","user_id_str","username"
"1909395423883936263","Mon Apr 07 23:58:38 +0000 2025","0","tapi menyetujukan ruu sampah gercep amat kaya dikejar begal","1909395423883936263","","","in","Savannah, GA","0","0","0","https://x.com/leftoverciggs/status/1909395423883936263","1509121106984448007","leftoverciggs"
"1909395335908409386","Mon Apr 07 23:58:17 +0000 2025","0","Mayan juga ampe 2029 akan denger jawaban yang sama ketika di kasih pertanyaan. Key Point : MBG RUU TNI andalan dan AI God Bless Indonesia!","1909395335908409386","","","in","Bali, Indonesia","0","0","0","https://x.com/mattyazid1/status/1909395335908409386","215584096","mattyazid1"
"1909394723800068422","Mon Apr 07 23:55:51 +0000 2025","0","Padahal yg beredar kemarin adalah yg dukung RUU TNI yg lu bayar goblok2","1909394723800068422","","","in","","0","0","0","https://x.com/seaminggo/status/1909394723800068422","1483620192580403202","seaminggo"
"1909394591306199299","Mon Apr 07 23:55:20 +0000 2025","0","otak dia jalan ga sih","1909394591306199299","","","in","Savannah, GA","0","0","0","https://x.com/leftoverciggs/status/1909394591306199299","1509121106984448007","leftoverciggs"
"1909394272958529730","Mon Apr 07 23:54:32 +0000 2025","0","ngetik gweh aja udh belepotan bangun tidur udah ngeliat muka si monokotil dimana mana","1909394390281580662","","leftoverciggs","in","Savannah, GA","0","0","0","https://x.com/leftoverciggs/status/1909394390281580662","1509121106984448007","leftoverciggs"
"1909394272958529730","Mon Apr 07 23:54:04 +0000 2025","1","semoga setelah beliau setelah interview struk ringan karena kebanyakan yapping ga ada isinya","1909394272958529730","","","in","Savannah, GA","0","1","0","https://x.com/leftoverciggs/status/1909394272958529730","1509121106984448007","leftoverciggs"
"1909393976454725666","Mon Apr 07 23:52:53 +0000 2025","0","The fact that this demo RUU TNI is LEADERLESS man kita gapunya siapa siapa buat berlindung we onli depends on each other is so sad","1909393976454725666","","","in","DNFWC","0","0","0","https://x.com/loleviq/status/1909393976454725666","1825188918767263744","loleviq"
"1909393944435372213","Mon Apr 07 23:52:45 +0000 2025","162","Prabowo bicara soal demo ruu tni. Silakan simak dan beri tanggapan. Ô∏è https://t.co/MJYgVhXiQQ","1909393944435372213","https://pbs.twimg.com/amplify_video_thumb/1909393864794030082/img/Jp4F7t5Lyiz6m24Q.jpg","","in","Indonesia","9","81","47","https://x.com/yusuf_dumdum/status/1909393944435372213","2156465923","yusuf_dumdum"
"1909393547461337297","Mon Apr 07 23:51:11 +0000 2025","0","dari si gendats monokotil ini bilang demo unjuk rasa ruu tni ada yang bayar aje opini kayak buzzer anying wtf","1909393547461337297","","","in","","0","0","0","https://x.com/Blanketrice1/status/1909393547461337297","828449305","Blanketrice1"
"1909220939532808646","Mon Apr 07 23:48:37 +0000 2025","1","@Vaniizwd @tanyarlfes @tanyarlfes @Vaniizwd Prabowo mungkin terdengar ngelantur di wawancara Hambalang 6 April 2025 karena tekanan tinggi dari 7 jurnalis senior topik rumit seperti RUU TNI dan gaya bicaranya yang penuh anekdot. Strategi politik untuk hindari jawaban langsung juga bisa jadi faktor https://t.co/FMPiqppxQu","1909392904574947644","https://pbs.twimg.com/media/Gmq59kbaMAAmRX2.jpg","Vaniizwd","in","wherever you are","0","0","0","https://x.com/grok/status/1909392904574947644","1720665183188922368","grok"
"1909392178688016474","Mon Apr 07 23:45:44 +0000 2025","20","Presiden Prabowo Subianto bertemu sejumlah pemimpin redaksi di Padepokan Garuda Yaksa Hambalang Kabupaten Bogor pada Minggu (6/4/2025) pagi. Blak-Blakan! 3 jam Presiden Prabowo Jawab Para Pemred: RUU TNI hingga Perang Dagang Trump! Selengkapnya di Youtube Channel KompasTV https://t.co/aI5Rn3o1wW","1909392178688016474","https://pbs.twimg.com/media/Gn-GD8Xa8AAuspa.jpg","","in","Indonesia","2","3","4","https://x.com/KompasTV/status/1909392178688016474","71436318","KompasTV"
"1909201227042447786","Mon Apr 07 23:45:43 +0000 2025","0","@AirinDatangLagi ngeri ternyata memang tdk tahu proses revisi RUU TNI suram banget. dipilih oleh rakyat tpi ternyata tidak untuk rakyat ","1909392172585304099","","AirinDatangLagi","in","Surabaya,Indonesia","0","0","0","https://x.com/dandyez/status/1909392172585304099","809082996","dandyez"
"1909220939532808646","Mon Apr 07 23:44:06 +0000 2025","0","@tanyarlfes gue keburu males bgt dengar arguenya lihat cuplikan pas ditanya soal urgensi ruu TNI aja udh muak dan gak gue lanjutin karna jawabannya kaga nyambung alias ya asbun aja isi video wawancara itu jdi kek full tanya tanpa jawaban","1909391768065655228","","tanyarlfes","in","","0","0","0","https://x.com/wnhanz/status/1909391768065655228","1754390221230403585","wnhanz"
"1909391308999024989","Mon Apr 07 23:42:17 +0000 2025","0","Demo apa yg dibayar? Demo mendukung ruu tni? Demo ga jelas didepan aeon?","1909391308999024989","","","in","kasur ","0","1","0","https://x.com/comfyycloud/status/1909391308999024989","1717730053348569088","comfyycloud"
"1909220939532808646","Mon Apr 07 23:40:26 +0000 2025","1","@f12xos @tanyarlfes pada inget ga kemarin ada yang demo di depan gedung DPR menyuarakan suaranya mendukung disahkannya RUU TNI? mungkin itu yang prabowo maksud dengan demo dibayar","1909390842223378581","","f12xos","in","","0","0","0","https://x.com/tandaketik/status/1909390842223378581","1046537578873204737","tandaketik"
"1909157641726857488","Mon Apr 07 23:40:21 +0000 2025","0","@ardisatriawan Yaaaa yang bikin siapa yang langgar siapa ... itu artinya ya Semau Gue ... sama persis seperti rakyat udah demo soal RUU TNI dan minta percepatan UU SITA ASET KORUPTOR .... YA SEMAU GUE ... PADAHAL KEUANGAN NEGARA SUDAH KRITIS DI KORUPSI KRONI¬≤ LINGKARAN PENGUASA ...","1909390824364032348","","ardisatriawan","in","VBI ","0","0","0","https://x.com/Baguscar/status/1909390824364032348","495573427","Baguscar"
"1909390502816104506","Mon Apr 07 23:39:05 +0000 2025","0","Belum nonton full tapi tanggapan soal demo masal yang malah menuduh ada yang menunggangi saya kurang puas dengan jawabannya. Lalu jawaban soal transparansi RUU TNI juga sama sekali ga memuaskan. Tapi saya apresiasi bikin program seperti itu alih-alih sewa buzzer.","1909390502816104506","","","in","twitter","0","0","1","https://x.com/four_kardanardi/status/1909390502816104506","373824005","four_kardanardi"
"1909390237551174086","Mon Apr 07 23:38:02 +0000 2025","16","NAJWA SHIHAB MENGUNGKAP : MOMEN Pertemuan Dengan PRESIDEN PRABOWO Selama 6 Jam di HAMBALANG. Tentang : - RUU TNI Hingga RUU Polri. https://t.co/7p6eOv3vWY","1909390237551174086","https://pbs.twimg.com/ext_tw_video_thumb/1909390032357691392/pu/img/LlQjkjkUB_bvTO0v.jpg","","in","Solo (Bekasi Timur), Indonesia","0","2","6","https://x.com/SETYAKI22965702/status/1909390237551174086","1322361095407902721","SETYAKI22965702"
"1909387087973171642","Mon Apr 07 23:25:31 +0000 2025","0","setelah diskusi sm papi ttg RUU TNI #sorrytelat beliau tau lebih banyak gimana kejadian '98 yg sama seperti sekarang tapi kenapa beliau diam saja mau salah/benar ya? benar jika melindungi jabatan tapi ada cara lain untuk mendukung atau bersuara bukan?","1909387087973171642","","","in","","0","0","0","https://x.com/hio_id/status/1909387087973171642","1220262122652758017","hio_id"
"1909386441177940097","Mon Apr 07 23:22:56 +0000 2025","0","yakali ishowspeed ditunjukin kasus korupsi di indonesia posisi terakhir harun masiku atau dikasih ruu tni yang final","1909386441177940097","","","in","","0","0","0","https://x.com/akunkuinipun/status/1909386441177940097","1493205638842707969","akunkuinipun"
"1909384981513949613","Mon Apr 07 23:20:15 +0000 2025","0","- RUU TNI cuma memperpanjang masa pensiun? lah yang bisa mengisi pemerintahan itu apa? cari kerja susah malah mereka dibolehin double job? - MBG juga ga bergizi amat mending ortunya aja dikasih lapangan pekerjaan biar bs beli MAKANAN BERGIZI buat anak https://t.co/FJftGpizoI","1909385764397527256","","cibuksbelpikil","in","","0","1","0","https://x.com/cibuksbelpikil/status/1909385764397527256","1209647448890605568","cibuksbelpikil"
"1909381705758302656","Mon Apr 07 23:14:12 +0000 2025","0","@GuruGembull 3. Tentang RUU TNI jika memang hanya soal pensiun mengapa draf RUU tidak dibuka ke publik? Bukankah transparansi adalah kunci kepercayaan? Apa yang sebenarnya disembunyikan dalam RUU tersebut?","1909384243140231272","","dimarsasongko98","in","Jakarta","0","1","0","https://x.com/dimarsasongko98/status/1909384243140231272","1781618112259076096","dimarsasongko98"
"1909107655605690428","Mon Apr 07 23:10:31 +0000 2025","7","@aromapetrikorr Let me guess pasti yang nempel spanduk itu buzzer atau panasbung (pasukan nasi bungkus) yang dukung ruu tni kemaren","1909383313212789012","","aromapetrikorr","in","","0","0","0","https://x.com/sebuahkarangs/status/1909383313212789012","2943409753","sebuahkarangs"
"1909382224316973436","Mon Apr 07 23:09:34 +0000 2025","0","2 ) Tentang rapat di hotel adalah kewenangan dari Ketua Rapat. Hal ini berlaku sejak dahulu! Ini kan bukan wewenang Presiden atau Institusi Pemerintah. Dipakai don't logikanya! @NarasiNewsroom Kenapa tidak menampilkan juga sisi Ketua Rapat RUU TNI tsb? https://t.co/zvLa0a1pC1","1909383075777356085","","ImaginarySteady","in","Jakarta, Indonesia","1","1","0","https://x.com/ImaginarySteady/status/1909383075777356085","2556873745","ImaginarySteady"
"1909383055229567175","Mon Apr 07 23:09:29 +0000 2025","0","Demo yang ngedukung RUU TNI gak sih wo yang di bayar","1909383055229567175","","","in","Ababwa","0","0","0","https://x.com/chocoocheese_/status/1909383055229567175","1050550861997334530","chocoocheese_"
"1909220939532808646","Mon Apr 07 23:07:39 +0000 2025","0","@jumbellingham @tanyarlfes Wawancara Najwa Shihab dan 5 media lain dengan Presiden Prabowo pada 6 April 2025 di Hambalang Bogor kemungkinan bahas UU TNI yang baru disahkan 20 Maret 2025 memperluas peran militer di urusan sipil dan RUU Polri yang kontroversial soal kekuasaan polisi. Topiknya seputar","1909382591884521554","","jumbellingham","in","wherever you are","0","0","0","https://x.com/grok/status/1909382591884521554","1720665183188922368","grok"
"1909261163428503856","Mon Apr 07 23:07:24 +0000 2025","21","@wordfangs Presiden itu emg dibatasi akses informasinya. Buta dan tuli masalah akar rumput dan kita dipaksa setuju dengan sikapnya yg ga nyambung. Tarif AS direspon dg MBG demo dikatain bayaran Draft RUU TNI dibilang palsu 80% koalisi parlemen bisa ga setuju. NDASMU.!!!","1909382528311738854","","wordfangs","in","Indonesia","0","0","1","https://x.com/masbimabimo/status/1909382528311738854","454145625","masbimabimo"
"1909292019224367579","Mon Apr 07 23:04:54 +0000 2025","0","@barengwarga Wdh....spertinya.....spertinya ini... Gass....batalkan RUU TNI #SupremasiSipil #BatalkanRUUTNI","1909381901405815252","","barengwarga","in","","0","0","0","https://x.com/de_nada_11/status/1909381901405815252","1460565098800451584","de_nada_11"
"1909381780354089223","Mon Apr 07 23:04:25 +0000 2025","0"," demo murni ap dibayar? ya yg dibayar yg demo pro ruu tni","1909381780354089223","","","in"," material metallurgy eng!","0","0","0","https://x.com/taylqor/status/1909381780354089223","554824683","taylqor"
"1909261163428503856","Mon Apr 07 23:03:02 +0000 2025","0","@mujaerterbang @wordfangs Lupa yang mana kayaknya yang membahas RUU TNI","1909381433426427956","","mujaerterbang","in","Starscourge Radahn","0","0","0","https://x.com/bvscoro/status/1909381433426427956","2754115052","bvscoro"
"1909380698500460561","Mon Apr 07 23:00:07 +0000 2025","2","Tapi dia bener kalo lu gasuka ya tinggal blok aja simpel ada uu tni ruu polri ruu penyiaran rkuhap yang jauh lebih penting daripada ngurus manusia sangean","1909380698500460561","","","in","","0","0","0","https://x.com/RafayelSunda/status/1909380698500460561","1887833320031244288","RafayelSunda"
"1909135589695254759","Mon Apr 07 22:57:53 +0000 2025","0","@AanSaputraa_ Perbanyak post ginian Nder seru kalau cewk crewet daripada sepi ras terkuat di bumi bisa di hajar semua apalagi RUU TNI sama pemerintah yg nge gosting Rakyat nya","1909380136413413871","","AanSaputraa_","in","Kota Surabaya, Jawa Timur","0","0","0","https://x.com/hyperproplayer/status/1909380136413413871","1807799395490123777","hyperproplayer"
"1909379946470109623","Mon Apr 07 22:57:08 +0000 2025","1","Emang bener ada demo yang dibayar contohnya demo mendukung RUU TNI","1909379946470109623","","","in","","0","0","0","https://x.com/lilblackflower/status/1909379946470109623","1139496851097341953","lilblackflower"
"1909216143090340307","Mon Apr 07 22:57:06 +0000 2025","15","@nabiylarisfa Ttg UU TNI Prabowo cm bahas jendral2 TNI gk ada ttg prajurit2. RUU TNI disahkan bkn demi kesejahteraan prajurit tp buat jendral2 TNI yg mau pensiun tp gk pny jabatan dan msh miskin. Prabowo ksh perpanjangan pensiun + jabatan sipil buat memperkaya diri. ","1909379937217524216","","nabiylarisfa","in","","0","0","2","https://x.com/DianHayati16728/status/1909379937217524216","1736640632545001472","DianHayati16728"
"1909080577002836151","Mon Apr 07 22:52:07 +0000 2025","0","@KompasTV emang apa aja yang udah dipenuhi sampe nilai 6? maksudnya pajak naik gas DANANTARA RUU TNI Rp naik dan masih banyak lagi","1909378686224404750","","KompasTV","in","jyp","0","0","0","https://x.com/Ppotatochiips/status/1909378686224404750","1308273449282879488","Ppotatochiips"
"1909378665034793376","Mon Apr 07 22:52:02 +0000 2025","0","Video Presiden Prabowo Tanggapi Draf RUU TNI yang Disebut Tak Transparan https://t.co/PNN9j5scLK","1909378665034793376","","","in","JKT-INA","0","0","0","https://x.com/20detik/status/1909378665034793376","598959076","20detik"
"1909233662782328935","Mon Apr 07 22:50:19 +0000 2025","0","@virdianaurellio @prabowo Kalo cinta negeri ini demo nya ga rusuh mas demo tujuan ny ga jelas. Apa yg di demo? RUU TNI mana yg point ny berbahaya?","1909378230882312627","","virdianaurellio","in","","0","0","0","https://x.com/MokoroboChannel/status/1909378230882312627","1468261069017665536","MokoroboChannel"
"1909306810752008243","Mon Apr 07 22:47:37 +0000 2025","1","@zarryhendrik El Yapping benar Demo dibayar. Nih contohnya Demo mendukung RUU TNI! Wkwkwkwk https://t.co/GiLcRkgYlr","1909377550620782989","https://pbs.twimg.com/media/Gn94w30bwAEoJo1.jpg","zarryhendrik","in","","0","0","0","https://x.com/TraderDhan27089/status/1909377550620782989","1722513448142270464","TraderDhan27089"
"1909259647275655591","Mon Apr 07 19:10:40 +0000 2025","1","@FeedCanfield @immiddlemist @BocorAlusPol Si bodoh ini pura gatau usulan RUU TNI Minerba Polri dari siapa","1909322953919254635","","FeedCanfield","in","","0","0","0","https://x.com/salimist_/status/1909322953919254635","1464056066","salimist_"
"1909322797744009600","Mon Apr 07 19:10:03 +0000 2025","15"," UU TNI dan RUU POLRI apa kabar ya???????????????","1909322797744009600","","","in","","0","6","0","https://x.com/convomf/status/1909322797744009600","1314975287294083073","convomf"
"1909322697391140908","Mon Apr 07 19:09:39 +0000 2025","0","Poin poin yg di sampaikan 6 media tuh cukup mewakili kecuali pertanyaan terakir yg offside dimana semua media bersatu mengaris besar besar maksud tujuan diskusi tersebut mengenai RUU TNI RUU Polri dan transparansi yg menghawatirkan akhir akhir ini dan berkembang pada permasala-","1909322697391140908","","","in","malinau","0","2","0","https://x.com/novencr1/status/1909322697391140908","1230466586718289921","novencr1"
"1909119478748819554","Mon Apr 07 19:08:37 +0000 2025","0","@OggyZilly43173 @kompascom mantap RUU TNI tuh gaada problemnya kok pas saya analisa pasal2nya","1909322438887854447","","OggyZilly43173","in","","0","0","0","https://x.com/ahmadsantoooo/status/1909322438887854447","1812214781748838400","ahmadsantoooo"
"1909320459998707785","Mon Apr 07 19:01:51 +0000 2025","0","Kemudian tambahan tolong juga mereka tonton video Tempo Bocor alus tentang RUU TNI. Dari 2 hal itu mungkin akan terlihat keadaan sebenarnya agar kita semua tidak terpecah belah.","1909320735203655935","","rockmannzero","in","","0","1","0","https://x.com/rockmannzero/status/1909320735203655935","1638193494350233601","rockmannzero"
"1909318490139640185","Mon Apr 07 18:52:56 +0000 2025","0","berani juga diajak public accountability session ga kayak si mulyono. didemo malah kabur kaburan. berani sih tapi ttp aja jawabannya ga jelas terutama scene prabowo jawab pertanyaan ttg ruu tni konsinyering matane lah. ditagih draf malah ngedefend terus ga berani jawab kmbg!!","1909318490139640185","","","in","Jakarta Raya","0","0","0","https://x.com/trisuprastomo/status/1909318490139640185","144858077","trisuprastomo"
"1909196517250117795","Mon Apr 07 18:45:26 +0000 2025","1","@MurtadhaOne1 Sampe rumah pak prabowo baru inget yang bayar itu kan aksi damai RUU TNI ya aduh bodoamat lah ya sama sama demo juga ","1909316605869539655","","MurtadhaOne1","in","anywhere, But Here","0","0","0","https://x.com/aditamafaisal/status/1909316605869539655","1223320346","aditamafaisal"
"1909211989882069096","Mon Apr 07 18:40:17 +0000 2025","0","@ilhampid Demo yg dukung ruu tni noh orang nya aka dibayar aja sepi ga ada yg fomo -_- logika otak tua mau ngeles kebingungan","1909315309431144614","","ilhampid","in","DKI Jakarta, Indonesia","0","0","0","https://x.com/iamyourdemonic_/status/1909315309431144614","1864262713872138240","iamyourdemonic_"
"1909313767638511693","Mon Apr 07 18:34:10 +0000 2025","87","Presiden yang menuduh rakyat yang demonstrasi penolakan RUU TNI bayaran jelas fitnah keji dan gambaran rezim anti demokrasi","1909313767638511693","","","in","Indonesia","0","0","38","https://x.com/madisnur/status/1909313767638511693","1107951999247499264","madisnur"
"1909312000246862252","Mon Apr 07 18:27:08 +0000 2025","2","Dia nanya kemana akademisi ketika negara blunder lah elu antagonisasi akademisi dan mahasiswa yang bersuara pake narasi antek aseng https://t.co/bW92noLNbm","1909312000246862252","https://pbs.twimg.com/ext_tw_video_thumb/1909311910107058176/pu/img/PE0zL0L5na0o9dpw.jpg","","in","ID/SU/EN/Êó•Êú¨Ë™û ok! ","0","1","1","https://x.com/roticoklats/status/1909312000246862252","811477699415851009","roticoklats"
"1906927354901041192","Mon Apr 07 18:14:35 +0000 2025","1","@Sophyxyz Saya asli orang Jogja Mas.. Terakhir turut ikut aksi di Jalan (Demo dan Aksi Kamisan). Banyak isu yang diangkat disana salah satunya urgensi pengesahan RUU Perampasan Aset. Nah dikasus kali ini memang yang paling mencuat terkait UU TNI dan RUU Polri. https://t.co/xpvFu0RlfD","1909308838635008216","https://pbs.twimg.com/media/Gn86QULa0AAJw5U.jpg","Sophyxyz","in","Yogyakarta, Indonesia","0","0","0","https://x.com/funkyb00_/status/1909308838635008216","1452308821888671749","funkyb00_"
"1909300747126325645","Mon Apr 07 18:08:16 +0000 2025","0","si anjing ditanya dugaan ruu tni membalikan dwifungsi jawabnya siapa yang bilang? https://t.co/FpIJHadRT0","1909307251309105337","https://pbs.twimg.com/tweet_video_thumb/Gn840PebIAAy6wb.jpg","bimomerah_","in","","0","0","0","https://x.com/bimomerah_/status/1909307251309105337","1688018755656536064","bimomerah_"
"1909306529297449084","Mon Apr 07 18:05:24 +0000 2025","0","bangkee ipin gueee chenn ","1909306529297449084","","","in","Seoul, Republic of Korea","0","0","0","https://x.com/ayanggsaida/status/1909306529297449084","1277749237606842369","ayanggsaida"
"1909306122634510697","Mon Apr 07 18:05:19 +0000 2025","0","Sekolahmu itu bukan tanggung jawab kakakmu dek. Itu tanggung jawab ortumu. Kasian kalo kaya gini jadinya. Kakakmu harusnya udah mulai niti karir nata hidup nabung buat nikah dan beli rumah. Malah masi mikirin ukt adeknya yang jelas2 bukan tanggung jawabnya","1909306506820173841","","renjana0amerta","in","","0","0","0","https://x.com/renjana0amerta/status/1909306506820173841","1543078926356197377","renjana0amerta"
"1909306122634510697","Mon Apr 07 18:03:47 +0000 2025","1","Coba aja Indonesia tu negara waras yaa Kerja magang part time dll semuanya digaji DENGAN LAYAK Jadinya anak mahasiswanya pada bisa nyambi kuliah dan part time kek minimal ","1909306122634510697","","","in","","0","1","0","https://x.com/renjana0amerta/status/1909306122634510697","1543078926356197377","renjana0amerta"
"1909085105903358304","Mon Apr 07 18:03:22 +0000 2025","0","@larkspuretruby re tariffs: what are they supposed to do? lol mentok2 ya balikin trust masyarakat dengan revamp danantara revamp ruu tni buang jauh2 ruu polri dan ruu kuhap hukum semua police brutality","1909306016107577717","","larkspuretruby","in","Free Palestine","0","0","0","https://x.com/banteringpet/status/1909306016107577717","1002933675430854656","banteringpet"
"1909282322895327704","Mon Apr 07 18:02:54 +0000 2025","8","@KuntoAjiW Ditanya ruu tni dna polri aja udah tantrum jawabnya sampe ditunjuk2..","1909305898415407553","","KuntoAjiW","in","","0","0","0","https://x.com/tapeketanena/status/1909305898415407553","99274331","tapeketanena"
"1909259647275655591","Mon Apr 07 18:00:25 +0000 2025","1","@fat_bry @BocorAlusPol Ada di yutub narasi... Potongan pendapat pawowo ruu tni waktu ditanya nana.","1909305275221524499","","fat_bry","in","Penjaga NKRI Garis Keras","0","0","0","https://x.com/Kutang2tang/status/1909305275221524499","1475112196745039876","Kutang2tang"
"1909304165211549968","Mon Apr 07 17:56:00 +0000 2025","0","Tl gue isinya fans jeny mara mara Kek ngga trima dikritik Galak betul","1909304165211549968","","","in","","0","0","0","https://x.com/renjana0amerta/status/1909304165211549968","1543078926356197377","renjana0amerta"
"1908432626274468049","Mon Apr 07 17:55:59 +0000 2025","0","@LexMarteg gak bakal didengerin memang harus turun kejalan dengan massa yang masif baru mereka denger. kalau teriak2 medsos doank mah senasib aja sama RUU TNI","1909304161268891711","","LexMarteg","in","makassar","0","0","0","https://x.com/FazilaHayf5197/status/1909304161268891711","1891029542694981632","FazilaHayf5197"
"1909303879013200097","Mon Apr 07 17:55:22 +0000 2025","0","@NamtanTipnaree heyy stiil awake?","1909304002753556943","","NamtanTipnaree","in","Seoul, Republic of Korea","0","0","0","https://x.com/ayanggsaida/status/1909304002753556943","1277749237606842369","ayanggsaida"
"1909303938589069390","Mon Apr 07 17:55:06 +0000 2025","0","ngantuk tp masih pengen baca au duh besok pulang dan rabu dah mulai berangkat kuliah dari pagi ke sore ","1909303938589069390","","","in","Seoul, Republic of Korea","0","1","0","https://x.com/ayanggsaida/status/1909303938589069390","1277749237606842369","ayanggsaida"
"1909302567697621055","Mon Apr 07 17:54:16 +0000 2025","0","kalo gitar ok lah ada suara nya beneran (pas didengerin ada 2 suara gitar)","1909303727951061017","","ayanggsaida","in","Seoul, Republic of Korea","0","0","0","https://x.com/ayanggsaida/status/1909303727951061017","1277749237606842369","ayanggsaida"
"1909303670015209856","Mon Apr 07 17:54:02 +0000 2025","0","yang dibayar mah yang tanda tangan dukung ruu tni trus dapet sembako/nasi kotak kali ps. gue nggak nyalahin mereka yang tanda tangan karna mereka juga korban korban dari kemiskinan yang dipelihara pemerintah","1909303670015209856","","","in","","0","0","0","https://x.com/skivpy/status/1909303670015209856","776393758258503680","skivpy"
"1909302411522724193","Mon Apr 07 17:53:31 +0000 2025","0","@ahduoxian tauu padahal gausa maksain wkwkwk jadi ketara soalnya ","1909303537689149781","","ahduoxian","in","Seoul, Republic of Korea","0","0","0","https://x.com/ayanggsaida/status/1909303537689149781","1277749237606842369","ayanggsaida"
"1909303407460204971","Mon Apr 07 17:53:02 +0000 2025","0","Dan sekarang sudah terlihat dengan jelas kebijakan2 era orba yang muncul kembali seperti RUU TNI dan dalam proses pembahasan ada RUU POLRI dan RUU KEJAKSAAN serta melemahnya rupiah pembungkaman korupsi besar besaran dan lain sebagainya.","1909303418004685121","","brountosauruss","in","","0","1","0","https://x.com/brountosauruss/status/1909303418004685121","1641437769280135174","brountosauruss"
"1909302643736166839","Mon Apr 07 17:49:58 +0000 2025","0","dukung ruu tni type ahh demonstration","1909302643736166839","","","in","","0","0","0","https://x.com/donadonixyz/status/1909302643736166839","1881331896824827904","donadonixyz"
"1909302411522724193","Mon Apr 07 17:49:02 +0000 2025","0","njir pianonya main sendiri wkwkwkwk tangannya kaga di piano tp ttp ada suara piano ","1909302411522724193","","","in","Seoul, Republic of Korea","0","1","0","https://x.com/ayanggsaida/status/1909302411522724193","1277749237606842369","ayanggsaida"
"1909302101165195314","Mon Apr 07 17:47:48 +0000 2025","0",": kemarin demo ruu tni menurut pendapat bapak gimana? : menurut saya indonesia adalah bangsa yg besar dengan tinggi saya yg mencapai 177cm saya yakin stecu stecu stecu makanya 15 juta dibagi 200 hari kan 75 ribu dul.","1909302101165195314","","","in","","0","0","0","https://x.com/k_____jpg/status/1909302101165195314","1811629936224141312","k_____jpg"
"1909174452006609134","Mon Apr 07 17:46:57 +0000 2025","0","@dawgfromdahood Yg dibayar bukannya yg pro ruu tni itu pak?","1909301887331082475","","dawgfromdahood","in","","0","0","0","https://x.com/silviamay_/status/1909301887331082475","498475683","silviamay_"
"1909301768045183322","Mon Apr 07 17:46:29 +0000 2025","0","padahal mereka blink tp fans antar membernya ribut https://t.co/S9wwhngsOX","1909301768045183322","https://pbs.twimg.com/media/Gn8z1Z1bwAEh2b1.jpg","","in","Seoul, Republic of Korea","0","0","0","https://x.com/ayanggsaida/status/1909301768045183322","1277749237606842369","ayanggsaida"
"1909301539648553238","Mon Apr 07 17:45:34 +0000 2025","267","Jujur gw ada foto seperti ini TOLAK RUU TNI TOLAK RUU PENYIARAN TINDAK LANJUTI DALANG DI BALIK TRAGEDI SEMANGGI https://t.co/UqpQBnhE9Y","1909301539648553238","https://pbs.twimg.com/media/Gn8zn1BbwAANI17.jpg","","in","Jl. Kaliurang","0","4","61","https://x.com/mushybouquet/status/1909301539648553238","1640290100008603648","mushybouquet"
"1909300863119900903","Mon Apr 07 17:42:53 +0000 2025","0","besok mau iseng gacha sekali di wl vbs.. klo dapet akito aku gambar akito pake maid dress","1909300863119900903","","","in","20+ / üáÆüá©","0","0","0","https://x.com/zahrapepesikan/status/1909300863119900903","1801920491042861057","zahrapepesikan"
"1909300503668023445","Mon Apr 07 17:41:27 +0000 2025","1","yaudah met malem ges subuh bangun buat sahur.. bayar utang puasa ","1909300503668023445","","","in","20+ / üáÆüá©","0","0","0","https://x.com/zahrapepesikan/status/1909300503668023445","1801920491042861057","zahrapepesikan"
"1909292141660323974","Mon Apr 07 17:40:46 +0000 2025","0","@CNeko24 THANK YOU TOOO~~ SEMANGAT BESOK KULIAHH","1909300331655381474","","CNeko24","in","20+ / üáÆüá©","0","0","0","https://x.com/zahrapepesikan/status/1909300331655381474","1801920491042861057","zahrapepesikan"
"1909300215364173835","Mon Apr 07 17:40:19 +0000 2025","0","lagi panas ttng RUU TNI cowo gw lg di kereta ada bapa bapa tni kolot AROGAN BANGET NAJIS masa dia di gerbong makan tidur kondisi lagi rame yang mau makan di tidur rebahan di kursi mana cuma mesen lemineral doang trs di tegur polisi kereta malah dia yang ngamuk #TolakRUUTNI","1909300215364173835","","","in","","0","1","0","https://x.com/yaamiennn/status/1909300215364173835","1302911708571168768","yaamiennn"
"1909300103745294656","Mon Apr 07 17:39:52 +0000 2025","0","Kocak lu kerja aja belum baru mbg gagal ruu tni ngerusakz dari mana tuh nilai 6","1909300103745294656","","","in","","0","1","0","https://x.com/angelforV/status/1909300103745294656","1388632261927473153","angelforV"
"1909299127269441610","Mon Apr 07 17:39:09 +0000 2025","0","Yes ruu Tni berdampak Investor jadi takut masuk karna banyak ricuh. Yes everything chaos. Tapi bukan cuma kita. Trump emang terkenal suka ngeguncang market. liat data masa ke pemimpinan dia periode 1. Everything will go back anytime soon. Bull.","1909299921792217182","","marpaung_glen","in","","0","0","0","https://x.com/marpaung_glen/status/1909299921792217182","1516820870383411201","marpaung_glen"
"1909295039878148446","Mon Apr 07 17:31:18 +0000 2025","40","@doymoody_ udah kaya RUU tni dah pokonya","1909297949244600802","","doymoody_","in","loovie place Í™îÃ§Ã• ","0","1","0","https://x.com/queliie/status/1909297949244600802","1660538809648558080","queliie"
"1909297660445835378","Mon Apr 07 17:30:09 +0000 2025","38","ini orang menurut gue kayak hidup di bubble nya sendiri bilang gak takut pasar modal lah demo kemarin kemarin dibayar nonton anj terutama yang milih ni orang kemarin liat ini pendapat jagoan lu nih. dia tuh bangga banggain tni banget (ada pimred yang nanya ruu tni) (tbc) https://t.co/NT0OXWrAMh","1909297660445835378","https://pbs.twimg.com/media/Gn8wGm1agAAY5OO.jpg","","in","","1","1","6","https://x.com/dipangiljek/status/1909297660445835378","1224675704882614272","dipangiljek"
"1909288864625443197","Mon Apr 07 16:56:40 +0000 2025","0","igs gw bulan lalu waktu ruu tni ","1909289232792944676","","mingyuipb","in","she/they ‚Äî selective.","0","0","0","https://x.com/mingyuipb/status/1909289232792944676","1366398049434497028","mingyuipb"
"1909220939532808646","Mon Apr 07 16:55:39 +0000 2025","1","@tanyarlfes Aku belum paham kenapa medis dibelokkan ke polri kenapa tidak ada transparasi ruu tni kenapa tergesa gesa. Dari tadi muter muter di rakyat tidak masalah sedangkan nyatanya demo pun semakin berlarut karena ndak ada tanggapan pemerintah bahkan media pun ndak pro rakyat","1909288974935605378","","tanyarlfes","in","","0","0","0","https://x.com/ameth15t/status/1909288974935605378","1875906375412514816","ameth15t"
"1909267112700654076","Mon Apr 07 16:54:12 +0000 2025","0","walopun gw ngikutin tren mekap dari 2015 instagram mekap (jiakh sok sepuh lu) tp kalo kutek dulu gw ga tertarik tp apparently holo taco juga udah booming waktu itu....mungkin karena mba cristine orangnya seru dah konsisten livestream jadi banyak pelanggan setia ampe sekarang.....","1909288612795236412","","komunalkiri","in","#IndonesiaGelap","0","1","0","https://x.com/komunalkiri/status/1909288612795236412","1850562084486172672","komunalkiri"
"1909287921666211948","Mon Apr 07 16:51:28 +0000 2025","0","sadly isu demo ruu tni ini ga bner seluruh indonesia tau even org yg aktif pegang hp...","1909287921666211948","","","in","ketupat tahu","0","0","0","https://x.com/bolonganbaju/status/1909287921666211948","1353354223673438208","bolonganbaju"
"1909275475190468883","Mon Apr 07 16:51:18 +0000 2025","2","@wahyuernawan_ @KompasTV Secara objektif demo menolak RUU TNI pada 20 Maret 2025 kemungkinan murni mencerminkan penolakan publik yang luas terhadap perluasan peran militer dalam pemerintahan sipil. Melibatkan mahasiswa aktivis dan kelompok masyarakat skala besar dan sentimen negatif (81% di media","1909287881333408119","","wahyuernawan_","in","wherever you are","0","1","1","https://x.com/grok/status/1909287881333408119","1720665183188922368","grok"
"1909287656749682743","Mon Apr 07 16:50:24 +0000 2025","0","Dibayar gimana kochak masa aksi sebanyak itu masih dibilang dibayar kan lucu. Terus orang - orang yang demo buat mendukung pengesahan RUU TNI kemarin dan waktu ditanya gak tau apa - apa kok ga dibahas bukanya itu yang lebih mencurigakan kalo merekalah yang di bayar ?????","1909287656749682743","","","in","","0","0","0","https://x.com/Gmalnutrisi/status/1909287656749682743","1543457663077724160","Gmalnutrisi"
"1909119766356447282","Mon Apr 07 16:48:22 +0000 2025","0","@AgungLa03498428 @kumparan eemang ga ada yg bermasalah sih dari ruu tni","1909287145086632098","","AgungLa03498428","in","","0","0","0","https://x.com/MBLiberito/status/1909287145086632098","1881223177462054912","MBLiberito"
"1909119478748819554","Mon Apr 07 16:48:16 +0000 2025","0","@OggyZilly43173 @kompascom emang ga ada yg bermasalah sih dari ruu tni","1909287119367159992","","OggyZilly43173","in","","0","0","0","https://x.com/MBLiberito/status/1909287119367159992","1881223177462054912","MBLiberito"
"1909275475190468883","Mon Apr 07 16:48:11 +0000 2025","0","@KompasTV @grok demo menolak ruu tni kemarin apakah murni? Jawab secara objektif","1909287096462053633","","KompasTV","in","Long and Winding Road","0","1","0","https://x.com/wahyuernawan_/status/1909287096462053633","372147335","wahyuernawan_"
"1909286944707952780","Mon Apr 07 16:47:35 +0000 2025","0","mina rambut gini napa lucu bgt si anjir GEMESS COK PENGEN BUNGKUSS BAWA KERUMAHH ","1909286944707952780","","","in","Seoul, Republic of Korea","0","0","0","https://x.com/ayanggsaida/status/1909286944707952780","1277749237606842369","ayanggsaida"
"1909286458294403266","Mon Apr 07 16:45:39 +0000 2025","0","achen udah nanon guee jangan di usilin mulu ","1909286458294403266","","","in","Seoul, Republic of Korea","0","0","0","https://x.com/ayanggsaida/status/1909286458294403266","1277749237606842369","ayanggsaida"
"1909285769531040224","Mon Apr 07 16:42:54 +0000 2025","0","MIYEON NIH WOA BGT ANJIR","1909285769531040224","","","in","Seoul, Republic of Korea","0","0","0","https://x.com/ayanggsaida/status/1909285769531040224","1277749237606842369","ayanggsaida"
"1909220939532808646","Mon Apr 07 16:42:31 +0000 2025","0","@nahkebs @tanyarlfes buat ruu ini udah blm si kak? uu tni sm ruu polri. mau tautannya :(","1909285671958982992","","nahkebs","in","","0","0","0","https://x.com/fahirawin/status/1909285671958982992","1304377141413388289","fahirawin"
"1909220939532808646","Mon Apr 07 16:42:22 +0000 2025","0","@rebahannojutsu @tanyarlfes Siapa yg mau bayar demo ruu tni njir ","1909285633228485084","","rebahannojutsu","in","","0","0","0","https://x.com/zonebyna/status/1909285633228485084","1579077795992719363","zonebyna"
"1909211099813077143","Mon Apr 07 16:41:36 +0000 2025","0","@pandji Ah masih gue anggep gimik sok kerss. Masalahnya kemaren ruu tni doi diem2 bae","1909285441372925990","","pandji","in","Wakanda Forever ","0","0","0","https://x.com/arrckd/status/1909285441372925990","1193723206030331904","arrckd"
"1909204166196732280","Mon Apr 07 16:37:30 +0000 2025","0","@convomf gue udh ga pernah nonton podhub semenjak ada video kepala miring sambil klarifikasi ruu tni ","1909284407661449293","","convomf","in","","0","0","0","https://x.com/koobytaedy/status/1909284407661449293","1240306334152527872","koobytaedy"
"1909041556214186152","Mon Apr 07 16:35:49 +0000 2025","0","@BelengBeleng687 ini mulu gua udah muak china udh mulai otw 2050 ini masih sibuk urus ijazah klw ga itu RUU TNI IHSG Kurs Rupiah to Dolar Agama. Buatlah sesuatu yg buat org tertarik udah bosen dari tahun¬≤ ini¬≤ mulu.","1909283983080522104","","BelengBeleng687","in","","0","1","0","https://x.com/arbin_din/status/1909283983080522104","1342346191984492545","arbin_din"
"1909283924397953287","Mon Apr 07 16:35:35 +0000 2025","0","yeelah elu kan yang nyewa orang buat dukung ruu tni itu? munafik lu wo. nuduh orang ini itu taunya diri sendiri yg begitu. malu udah bau tanah tapi kelakuan masih kaya demit. amit-amit.","1909283924397953287","","","in","","0","0","0","https://x.com/douneedmee/status/1909283924397953287","1773396360227930112","douneedmee"
"1909218333473353904","Mon Apr 07 15:54:12 +0000 2025","1","@KompasTV Ada kok demo yang dibayar yang ditanya malah gak tau kenapa ngebela dukung ruu tni di depan massa demo penolakan ruu tni ","1909273511111377117","","KompasTV","in","","0","0","0","https://x.com/juurinomono/status/1909273511111377117","338291943","juurinomono"
"1909271193754141100","Mon Apr 07 15:54:07 +0000 2025","0","Naskah RUU TNI dibilang karangan padahal yang asli juga gak dikasih atau sulit diakses berdalih come on kalian punya wakil rakyat. Mahasiswa yang demo dibilang bayaran wkwkwk kok bisa mikirnya gini dipikir zarryhendrik atau ndrewstjan kali. ","1909273492035354827","","perempaun","in","","0","1","0","https://x.com/perempaun/status/1909273492035354827","918305369662746625","perempaun"
"1909174452006609134","Mon Apr 07 15:53:23 +0000 2025","0","@dawgfromdahood Dibayar atau gak dibayar substansi tuntutan demo masih sama. Batalkan perluasan dwi fungsi TNI buka ruang diskusi publik dalam pembahasan RUU. Gak sembunyi2 dari publik kayak maling. Belum masalah efisiensi anggaran.","1909273305301032967","","dawgfromdahood","in","Tobelo","0","0","0","https://x.com/ekatrisnawan/status/1909273305301032967","2281569300","ekatrisnawan"
"1909273288318283802","Mon Apr 07 15:53:19 +0000 2025","0","AAAAHHHHH KONTOOOLLLL. Gak kuat gue. MATI AJA MATI NGENTOOOTTT.","1909273288318283802","","","in","","0","0","0","https://x.com/tiredpianist/status/1909273288318283802","1742857717306507264","tiredpianist"
"1909227704530215262","Mon Apr 07 15:51:48 +0000 2025","0","@kozirama Sejauh ini yg didapatkan adalah kesan kl PS ini seakan tdk peduli sm kondisi masyarakat. Dia punya keinginan dan fokus bgt disitu. MBG Danantara RUU TNI jd contohnya. Pdhl sama sekali bkn prioritas dimana skrg warga sdg bnyak yg kesulitan.","1909272907894935869","","kozirama","in","","0","0","0","https://x.com/fabianjrit/status/1909272907894935869","77702975","fabianjrit"
"1909272632937353355","Mon Apr 07 15:50:44 +0000 2025","0","3. Masa katanya UU TNI yang ada itu cuma krusial membahas pensiun padahal ada pasal yg bahas perluasan kewenangan TNI di K/L HADEH dan perihal RUU POLRI masa jawabannya formatif bgt akan saya pelajari lagi alineanya HADEH","1909272639048434107","","tukartiker","in","","0","0","0","https://x.com/tukartiker/status/1909272639048434107","1446248794002059391","tukartiker"
"1909201289067819362","Mon Apr 07 15:50:16 +0000 2025","6","@syaxcher @OakenStakee Kalo soal UU TNI harusnya dia yg paling tahu karna dia dan partainya adl penggagasnya soal RUU polri dsb ya sekali lagi dia sbg eksekutif harusnya tahu ada yg namanya proses legislasi pembahasan dilakukan eks &amp; legislatif scr bersama2 dan eks punya hak utk tdk setuju(veto)","1909272522773926315","","syaxcher","in","","0","0","0","https://x.com/Muhamma65122018/status/1909272522773926315","1383737022913728515","Muhamma65122018"
"1909272385829875986","Mon Apr 07 15:49:44 +0000 2025","0","1. Upin Ipin 2. Time To Twice 3. GMM (live house high season dsb) ++++++++ 4. Ini talkshow 5. Bercanda tapi santai 6. Ardan FM Nightmare side (cerita nya doang sih podcast nya gitu) 7. SKETSA 8. Adit Sopo Jarwo 9. NickRewind (on top) 10. MasterChef","1909272385829875986","","","in","Seoul, Republic of Korea","0","0","0","https://x.com/ayanggsaida/status/1909272385829875986","1277749237606842369","ayanggsaida"
"1909272076789428440","Mon Apr 07 15:48:30 +0000 2025","0","Benci sama keadaan Indonesia sekarang. Pandangan gue terhadap negara yang menjadi tempat tinggal gue kini berubah. Banyak rakyat bodoh pemerintah pun tak beda jauh.","1909272076789428440","","","in","","0","0","0","https://x.com/tiredpianist/status/1909272076789428440","1742857717306507264","tiredpianist"
"1909271513968365776","Mon Apr 07 15:46:16 +0000 2025","0","demo tolak ruu tni dibayar? kaga kebalik tuh?","1909271513968365776","","","in","Surakarta, Jawa Tengah","0","0","0","https://x.com/cok_jarannn/status/1909271513968365776","994329902756200448","cok_jarannn"
"1909254962246566153","Mon Apr 07 15:45:54 +0000 2025","0","@shizailaa jimin-jeongmin: ‚ÄçÔ∏è","1909271421878247793","","shizailaa","in","dream","0","1","0","https://x.com/blxccat/status/1909271421878247793","1792556581521174528","blxccat"
"1909203651253715370","Mon Apr 07 15:45:45 +0000 2025","0","@kompascom Non-issue tapi nyusun RUU secepat kilat bahkan pesantren kilat aja kalah bikin revisi juga sama2 tidak melibatkan partisipasi masyarakat. Disisi lain udah ada beberapa jabatan yang diisi sama TNI (Bulog dll). Defensif gini sampah","1909271385438106094","","kompascom","in","Indonesia","0","0","0","https://x.com/AqilRafiAl/status/1909271385438106094","1542648413711323137","AqilRafiAl"
"1909271084614164519","Mon Apr 07 15:44:33 +0000 2025","0","I did not vote for this mf. Kenapa gue ikut kena sialan. Prabowo mesti tanggung jawab kerjain tugas gue yang terlantar karena mikirin kondisi Indonesia saat ini.","1909271084614164519","","","in","","0","0","0","https://x.com/tiredpianist/status/1909271084614164519","1742857717306507264","tiredpianist"
"1909174452006609134","Mon Apr 07 15:43:55 +0000 2025","0","@dawgfromdahood bukannya elu yang bayar orang buat dukung ruu tni ya?","1909270923095756874","","dawgfromdahood","in","","0","1","0","https://x.com/babycocainee_/status/1909270923095756874","1447208003589980161","babycocainee_"
"1909195546344243596","Mon Apr 07 15:43:52 +0000 2025","1","@luffydcahyo Saya terganggu dengan ekspresi come on beliau dan iseng saya tanya ke AI. Asumsi saya Pak Presiden menentang semua aksi tolak RUU TNI https://t.co/BSM2niToZ5","1909270912685539483","https://pbs.twimg.com/media/Gn8XxKKboAAqtwR.jpg","luffydcahyo","in","Indonesia","0","0","0","https://x.com/tigamudah/status/1909270912685539483","1728481515569565696","tigamudah"
"1909270381028061332","Mon Apr 07 15:41:52 +0000 2025","0","Demonstrasi dan RUU TNI: https://t.co/pwsRqgpNpZ","1909270409423536528","https://pbs.twimg.com/media/Gn8U6jIb0AAtos_.jpg","agnanph","in","Unknown","0","1","0","https://x.com/agnanph/status/1909270409423536528","224994288","agnanph"
"1909270325004845453","Mon Apr 07 15:41:32 +0000 2025","1","Kira-kira mbak NAJWA bakal nyinggung soal ruu TNI sama pak presiden ga ya? #NAJWA #Pertemuanpresidenjurnalis","1909270325004845453","","","in","ilichil'$ heart","0","0","0","https://x.com/fwzyhhhk_im/status/1909270325004845453","1354219113875460097","fwzyhhhk_im"
"1909269495904161947","Mon Apr 07 15:40:45 +0000 2025","1","@RevaldoWibisono Tidak bijak menyebut demonstrasi RUU TNI dibayar tanpa bukti. Aksi tersebut tampaknya asli didorong oleh mahasiswa dan masyarakat sipil yang khawatir akan supremasi sipil dan demokrasi. Tanpa bukti kuat klaim ini bisa dianggap disinformasi memicu polarisasi dan meremehkan https://t.co/kd94JqvwD7","1909270126114877665","https://pbs.twimg.com/media/GnglrEPaIAA-yGm.jpg","RevaldoWibisono","in","wherever you are","0","0","1","https://x.com/grok/status/1909270126114877665","1720665183188922368","grok"
"1909257983730843982","Mon Apr 07 15:40:29 +0000 2025","1","Bahas RUU TNI dibilang hanya memperpanjang usia pensiun. Terus disuruh mengingat kondisi tahun 1950-an ketika TNI diminta masuk ke politik oleh Soekarno tapi nggak mau bahas relvansi dengan zaman sekarang.","1909270060914606280","","meutiafaradilla","in","","0","2","0","https://x.com/meutiafaradilla/status/1909270060914606280","3835726752","meutiafaradilla"
"1909269831326777608","Mon Apr 07 15:39:34 +0000 2025","0","Apakah di pertemuan ini akan membahas RUU TNI atau pembahasan lain ya masih penasaran kenapa yg diundang cuma 7 jurnalis termasuk mba Najwa #Najwa #Pertemuanpresidenjurnalis","1909269831326777608","","","in","","0","0","0","https://x.com/yyenaa7/status/1909269831326777608","1866133944342847488","yyenaa7"
"1909183403678900271","Mon Apr 07 15:22:57 +0000 2025","0","@akunsudi @sarah_pndjtn @SaptaAtmadja Iya ada koneksi menarik di sini. Komentar @SaptaAtmadja soal makeup sebagai simbol resistensi bisa nyambung ke NARS di protes RUU TNI. Meski nggak ada konfrontasi langsung kayak water cannon makeup mewah bisa jadi bentuk ekspresi diri dan ketahanan apalagi di era digital yang https://t.co/7PZsgWTB7q","1909265648301011039","https://pbs.twimg.com/media/GnglrksaEAAR7NE.jpg","akunsudi","in","wherever you are","0","1","1","https://x.com/grok/status/1909265648301011039","1720665183188922368","grok"
"1909265640176918599","Mon Apr 07 15:22:55 +0000 2025","0","Di otaknya kita sama kek 'dia' kah? Bayar orang and influencer buat nyoblos dia? Bayar buzzer yg dukung ruu tni &amp; bayar rakyat dengan bansos? Sorry bro pemikiran mahasiswa ga sesuai omon-omon lu itu mana mau mereka dibodoh-bodohi dg uang","1909265640176918599","","","in","","0","0","0","https://x.com/luviechilli/status/1909265640176918599","1645374351460679680","luviechilli"
"1909265209182847238","Mon Apr 07 15:21:12 +0000 2025","0","lu bener aja @prabowo masa ringgit aja naek bro","1909265209182847238","","","in","Savannah, GA","0","0","0","https://x.com/leftoverciggs/status/1909265209182847238","1509121106984448007","leftoverciggs"
"1909203651253715370","Mon Apr 07 15:20:49 +0000 2025","6","@kompascom Kombinasi gila tentara dan penjahat ham ya clear pro ruu tni prosesnnya diam2 gt kalau tdk ada yg disembunyikan MAKA TERBUKA TRANSPARAN DAN GA USAH KAYAK MAU PERANG NAKUTIN PAKAI KERAHIN ALUTSISTA UNTUK PAM","1909265108976677293","","kompascom","in","Indonesia","0","0","0","https://x.com/AntiKebodohan/status/1909265108976677293","864435782","AntiKebodohan"
"1909265033051463853","Mon Apr 07 15:20:30 +0000 2025","0","@grok menurut kamu kalau kamu diciptakan menjadi manusia yang hidup dibawah kepemimpinan prabowo apakah kamu akan demo untuk menolak UU TNI RUU POLRI dan RUU KUHAP? jawap serius layaknya kamu seorang akademisi!","1909265033051463853","","grok","in","","0","1","0","https://x.com/pusshess/status/1909265033051463853","1831757650545311745","pusshess"
"1909230858051244145","Mon Apr 07 15:20:13 +0000 2025","0","@karinagadogado Gue kira sibuk demo tolak ruu tni kek yg di twit piral itu","1909264958770294855","","karinagadogado","in","k","0","1","0","https://x.com/merveilyna/status/1909264958770294855","794872764024770560","merveilyna"
"1909261514009411732","Mon Apr 07 15:19:21 +0000 2025","1","@forfracha kurang aku 1000000000000% mereka dah nikah di kua ","1909264741366907275","","forfracha","in","Seoul, Republic of Korea","0","1","0","https://x.com/ayanggsaida/status/1909264741366907275","1277749237606842369","ayanggsaida"
"1909262926307094988","Mon Apr 07 15:19:12 +0000 2025","0","@awZeca ruu tni kalah bahaya ini","1909264704671027526","","awZeca","in","bakso tikus","0","0","0","https://x.com/marlbor3d/status/1909264704671027526","1676218098112950273","marlbor3d"
"1909264305733968110","Mon Apr 07 15:17:37 +0000 2025","0","Timeline gua isinya kenceng banget soal tarif AS KURS anjlok pemerintah ga gercep thd tarif AS transpuan tolak ruu tni polri genosida palestina wawancara prabowo jurnalis2 yang meninggal dengan luka2 komen2 misoginis laki2","1909264305733968110","","","in","","0","0","0","https://x.com/bilurrahsa/status/1909264305733968110","1271605326681264129","bilurrahsa"
"1908533675974930453","Mon Apr 07 15:16:33 +0000 2025","0","@hellorachaa nanti gantian itu harini namtan dulu besok ak","1909264035536912576","","hellorachaa","in","Seoul, Republic of Korea","0","0","0","https://x.com/ayanggsaida/status/1909264035536912576","1277749237606842369","ayanggsaida"
"1909189734620135476","Mon Apr 07 15:16:14 +0000 2025","0","@hellorachaa pap cium knalpot baru","1909263958214955493","","hellorachaa","in","Seoul, Republic of Korea","0","0","0","https://x.com/ayanggsaida/status/1909263958214955493","1277749237606842369","ayanggsaida"
"1909218333473353904","Mon Apr 07 15:14:42 +0000 2025","0","@alexander19th @KompasTV @prabowo Salah satunya demo pendukung RUU TNI","1909263572804522369","","alexander19th","in","solo","0","0","0","https://x.com/Ar_910/status/1909263572804522369","243998004","Ar_910"
"1909263387793715203","Mon Apr 07 15:13:58 +0000 2025","0","LIAT NYA AJA PAKE TELEZOOM BISA BISA NYAA BILANG CHAE LEMES BRENGSHAKEE","1909263387793715203","","","in","Seoul, Republic of Korea","0","0","0","https://x.com/ayanggsaida/status/1909263387793715203","1277749237606842369","ayanggsaida"
"1909218333473353904","Mon Apr 07 15:13:54 +0000 2025","0","@KompasTV Demo Dibayar salah satunya demo pendukung RUU TNI. ","1909263369582076407","","KompasTV","in","solo","0","0","0","https://x.com/Ar_910/status/1909263369582076407","243998004","Ar_910"
"1909201227042447786","Mon Apr 07 15:13:41 +0000 2025","156","@AirinDatangLagi @NajwaShihab menyala meaningful participation tdk dilakukan transparansi draft tidak dilakukan itulah yg dilakukan di RUU TNI dan tetap disahkan apa namanya ? PEMBOHONGAN RAKYAT BERJAMAAH SECARA TERSTRUKTUR SISTEMATIF DAN MASIF !!!","1909263317551751577","","AirinDatangLagi","in","Indonesia","0","1","9","https://x.com/AntiKebodohan/status/1909263317551751577","864435782","AntiKebodohan"
"1909259765215371327","Mon Apr 07 15:12:23 +0000 2025","0","@tenoismoko mengko mesti ndelok pas bahas RUU TNI. marmosi tenan","1909262989544591556","","tenoismoko","in","","0","0","0","https://x.com/IQbagus/status/1909262989544591556","56171092","IQbagus"
"1909262807566364775","Mon Apr 07 15:11:40 +0000 2025","0","Ekonomi Indonesia kian memburuk. Dollar tembus tujuh belas ribu. Ke manakah Prabowo? Terus apa hubungannya jir? Toh mata uang kita bukan dollar. Eh dongo. Nih ya gue jelasin kalau dollar udah tembus tujuh belas ribu artinya rupiah kita melemah.","1909262807566364775","","","in","","0","1","0","https://x.com/tiredpianist/status/1909262807566364775","1742857717306507264","tiredpianist"
"1909262773886030279","Mon Apr 07 15:11:32 +0000 2025","0","Makanya malas nonton di cuplikannya narasi najwa shihab aja ditanyain UU TNI sama RUU Polri malah kayak gak seneng gitu kayak mau marah ih takut wkwk","1909262773886030279","","","in","","0","0","0","https://x.com/efforttobegood/status/1909262773886030279","1234127951836270592","efforttobegood"
"1909262676900929792","Mon Apr 07 15:11:09 +0000 2025","0","Najwa Shihab starts at 1:27:44 SHE WAS COOKING THIS HUGE OF A BANGER. Btw jawaban narasumber (owo) gak ada yang jelas kurleb sama kayak pas lagi lawan Ganjar sama Anies aja mana dia gak tahu menahu tentang RUU TNI. Halu https://t.co/6XoKb7JCK8","1909262676900929792","","","in","Jakarta Barat","0","2","0","https://x.com/0202_bagus/status/1909262676900929792","2856551192","0202_bagus"
"1909262604402589855","Mon Apr 07 15:10:51 +0000 2025","0","stres CHAEE GUE DISAMAIN KE JN YG LEMES ITU ANJ GATERIMA ","1909262604402589855","","","in","Seoul, Republic of Korea","0","0","0","https://x.com/ayanggsaida/status/1909262604402589855","1277749237606842369","ayanggsaida"
"1909256660738322637","Mon Apr 07 14:48:46 +0000 2025","0","@anseriouskim Dari ruu tni disahkan aku udh ngerasa balik ke ere itu ","1909257043736956995","","anseriouskim","in","Rant acc","0","1","0","https://x.com/dwuckss/status/1909257043736956995","1562292012711219200","dwuckss"
"1909256708603719790","Mon Apr 07 14:47:26 +0000 2025","0","apa yang diekspektasiin sama kopasus tua bangka","1909256708603719790","","","in","#IndonesiaGelap","0","0","0","https://x.com/komunalkiri/status/1909256708603719790","1850562084486172672","komunalkiri"
"1909221588282802662","Mon Apr 07 14:47:06 +0000 2025","0","@Muhamma93909715 @CNNIndonesia Tidak ada bukti bahwa demonstrasi itu bayaran. Protes tampaknya murni didorong oleh mahasiswa dan masyarakat sipil yang menentang RUU TNI karena khawatir akan supremasi sipil dan demokrasi. Presiden Prabowo mempertanyakan keasliannya tapi belum ada bukti konkret yang mendukung","1909256626365726892","","Muhamma93909715","in","wherever you are","0","0","0","https://x.com/grok/status/1909256626365726892","1720665183188922368","grok"
"1909256622276497571","Mon Apr 07 14:47:06 +0000 2025","0","tapi ga promising dia gaada jelasin upaya konkrit program program apaan coba yang buat dongkrak dia blg ruu tni dipastikan dwi fungsi tni gak akan ada.(skrg udh bs dibaca kah(blm check ak)) trs katanya org miskin bkl jadi resourches apalah gw lupa tp aga bertolak belakang","1909256624856007043","","s0lb1n","in","not a fan acc","0","1","0","https://x.com/s0lb1n/status/1909256624856007043","1414253414779813890","s0lb1n"
"1909256518803034480","Mon Apr 07 14:46:41 +0000 2025","6844"," Key Points Wawancara Prabowo 1. Komunikasi Pemerintah ‚Üí Banyak org baru jd komunikasi berantakan (konteks: kepala babi Hasan Nasbi) 2. Soal Demo ‚Üí Boleh asal damai ‚Üí Hint: Ada aktor asing di baliknya 3. RUU TNI ‚Üí Fokusnya cuma usia pensiun ‚Üí Prabowo very fond sama","1909256518803034480","","","in","","394","137","2497","https://x.com/poin_opini/status/1909256518803034480","1280164202","poin_opini"
"1909232828480721410","Mon Apr 07 14:45:53 +0000 2025","0","@ikoaikoo tadi tu orang bilang nyamain pengesahan ruu tni ini karna dari case jaman dulu","1909256320290812258","","ikoaikoo","in","'01","0","1","0","https://x.com/dddbluu/status/1909256320290812258","2232277310","dddbluu"
"1909174452006609134","Mon Apr 07 14:45:42 +0000 2025","0","@dawgfromdahood Padahal demo bayaran nya jelas jelas dari pihak mereka sendiri hahahaha bisa dilihat pas demo dukung RUU TNI hampir seluruh pendukung UU tersebut gatau apa itu RUU TNI ","1909256271842459913","","dawgfromdahood","in","","0","0","0","https://x.com/ningningboyfie/status/1909256271842459913","1817479423601655808","ningningboyfie"
"1909216143090340307","Mon Apr 07 14:44:00 +0000 2025","0","@nabiylarisfa Yang demo lu tuduh digerakin asing. RUU TNI RUU Polri RUU KUHP digerakin sama kerakusan penguasa?","1909255846221283640","","nabiylarisfa","in","","0","0","0","https://x.com/KathaKathanya/status/1909255846221283640","1682359205511204866","KathaKathanya"
"1909255596030988502","Mon Apr 07 14:43:01 +0000 2025","0","yeu oon. inimah kelakuan antek2 elu bayar buzzer buat setuju sm ruu tni pas ditanya cengar cengir ketara bgt oonnya https://t.co/eeiinifQAf","1909255596030988502","https://pbs.twimg.com/media/Gn8J1yXa0AAqc9w.jpg","","in","","0","0","0","https://x.com/libraliry/status/1909255596030988502","1282636877682454529","libraliry"
"1909218333473353904","Mon Apr 07 14:34:59 +0000 2025","0","@Akunbodong_99 @KompasTV @jokowi Saya Grok dari xAI. RUU TNI dan Polri menuai kontroversi karena bisa memperluas peran militer dan polisi di ranah sipil dikhawatirkan melemahkan demokrasi. Publik juga frustrasi dengan wapres dan menteri yang dianggap titipan Jokowi. Pemerintah perlu dialog terbuka tinjau ulang","1909253575282250066","","Akunbodong_99","in","wherever you are","0","1","0","https://x.com/grok/status/1909253575282250066","1720665183188922368","grok"
"1909253158448373990","Mon Apr 07 14:33:19 +0000 2025","0","soalnya yang goblok jadi pengikut elu #MakzulkanPrabowoGibran #IndonesiaGelap #CabutUUTNI #TolakDwifungsiABRI","1909253158448373990","","","in","ùì°ùì≤ùì¨ùì¥ùîÇ heart","0","0","0","https://x.com/rickyluvez/status/1909253158448373990","1646879332588216320","rickyluvez"
"1909211099813077143","Mon Apr 07 14:32:40 +0000 2025","0","@NamakuNdr @pandji @grok Dia kurang nanya apa anjir ? Woy gendut ! Lo tau ga si ruu tni bikin rakyat kesel ? Gitu ? Ya gabisa lah goblok","1909252994442608931","","NamakuNdr","in","","0","0","0","https://x.com/Nandemonandenai/status/1909252994442608931","1794210740293050368","Nandemonandenai"
"1909252667211387049","Mon Apr 07 14:31:22 +0000 2025","0","Semoga semua jurnalis dan karyawan yang ada di tempo diberi keselamatan dunia akhirat dan semoga semua orang diinstansi pemerintah apapun + @prabowo @gibran_tweet @jokowi cepet dapet karma terbesar. AAMIIN #IndonesiaGelap #CabutUUTNI #TolakDwifungsiABRI #MakzulkanPrabowoGibran","1909252667211387049","","","in","ùì°ùì≤ùì¨ùì¥ùîÇ heart","0","0","0","https://x.com/rickyluvez/status/1909252667211387049","1646879332588216320","rickyluvez"
"1909218795497136145","Mon Apr 07 14:30:51 +0000 2025","0","@hellorachaa Kalo lidah melet melet keanya ga mungkin bjir ","1909252535363555572","","hellorachaa","in","Seoul, Republic of Korea","0","0","0","https://x.com/ayanggsaida/status/1909252535363555572","1277749237606842369","ayanggsaida"
"1909218333473353904","Mon Apr 07 14:30:10 +0000 2025","3","@KompasTV Mau murni kek mau dibayar kek intinya batalkan ruu TNI dan polri. 1 kami minta pak bisa gk ganti wapres dan Mentri yang titipan @jokowi Gmn @grok","1909252365330583693","","KompasTV","in","","0","1","1","https://x.com/Akunbodong_99/status/1909252365330583693","982529192821587968","Akunbodong_99"
"1909250855821627807","Mon Apr 07 14:29:15 +0000 2025","0","@syagahsyagah Yang ramai antara Prabowo dan Najwa Shihab pada 7 April 2025 kemungkinan besar soal pertemuan mereka pada 6 April di Hambalang. Najwa sebagai jurnalis Narasi mewawancarai Prabowo tentang isu sensitif seperti teror kepala babi ke majalah Tempo dan RUU TNI yang menuai protes. https://t.co/D7SOuTzR3P","1909252133343445404","https://pbs.twimg.com/media/GnglrYbbAAAbx1A.jpg","syagahsyagah","in","wherever you are","0","1","0","https://x.com/grok/status/1909252133343445404","1720665183188922368","grok"
"1909246659613343897","Mon Apr 07 14:28:46 +0000 2025","0","@m4rs4l1m @PaltiWest2024 Tentu! Kritik atas RUU TNI yang disampaikan fokus pada proses legislasi yang kurang melibatkan publik dan transparansi. Contohnya rapat tertutup di Hotel Fairmont pada 14-15 Maret 2025 menuai protes karena dianggap tidak demokratis. Publik khawatir ini menunjukkan rendahnya","1909252013315026965","","m4rs4l1m","in","wherever you are","0","1","0","https://x.com/grok/status/1909252013315026965","1720665183188922368","grok"
"1909198515722678657","Mon Apr 07 14:23:15 +0000 2025","2","@siceppot @IndoPopBase Sebelum RUU TNI disahkan pada 20 Maret 2025 politisi oposisi yang kemungkinan punya akses ke draf adalah Utut Adianto dari PDI-P Ketua Komisi I DPR. PDI-P diduga oposisi saat itu meski dinamika koalisi Prabowo menyulitkan penegasan. Anggota Komisi I seperti Dave Laksono https://t.co/idaOezE9X8","1909250623993721256","https://pbs.twimg.com/media/GnglrEPaIAA-yGm.jpg","siceppot","in","wherever you are","0","0","0","https://x.com/grok/status/1909250623993721256","1720665183188922368","grok"
"1909250249069305960","Mon Apr 07 14:21:46 +0000 2025","0","kenapa ya mereka selalu ngedemand demo buat damai lah sopan lah dikata mereka ada sopan2nya sama rakyat apa","1909250249069305960","","","in","#IndonesiaGelap","0","0","0","https://x.com/komunalkiri/status/1909250249069305960","1850562084486172672","komunalkiri"
"1909191510735851735","Mon Apr 07 14:20:30 +0000 2025","0","@NarasiNewsroom @grok @AskPerplexity sebelum RUU TNI disahkan siapa saja politisi dari partai oposisi di Indonesia yang punya akses terhadap draft RUU TNI?","1909249931212366192","","NarasiNewsroom","in","Jakarta","0","1","0","https://x.com/siceppot/status/1909249931212366192","65314321","siceppot"
"1909217765770322114","Mon Apr 07 14:20:30 +0000 2025","0","@kompascom Yang keliatan bgt dibayar malah yaaaa yg pro RUU TNI anda tau betul itu Wo jgn pura2 ga tau","1909249930964672617","","kompascom","in","","0","0","0","https://x.com/An_Kurniawan78/status/1909249930964672617","224927901","An_Kurniawan78"
"1909249202137493850","Mon Apr 07 14:20:07 +0000 2025","0","Beliau sengaja atau beneran ga paham kontroversi UU TNI. Jawabannya pun ga nyambung mengakui draft RUU TNI minim akses tapi defensif ketika naskah yang beredar ga sesuai selanjutnya cuma ngelantur. btw jawaban polisi harus diberi wewenang yang cukup main aman syekalii:))","1909249833220841924","","Sskraaa","in","Indonesia","0","1","0","https://x.com/Sskraaa/status/1909249833220841924","1141335528895205377","Sskraaa"
"1909249479414542376","Mon Apr 07 14:18:44 +0000 2025","1","Lop mamah :3","1909249488457544042","","persephoze","in","bagi sini aku gelar s.fil","0","0","0","https://x.com/persephoze/status/1909249488457544042","1417789818512183300","persephoze"
"1909249479414542376","Mon Apr 07 14:18:43 +0000 2025","2","Karena mamah tau selama di perantauan aku lebih sering makan ayam tentu karena lebih murah. Jadi sama mamah pasti menu masakan setiap aku pulang akan selalu mewah dan bervariasi. Mamah gaakan masak masakan sepele mamah akan masak yang wah untuk anaknya","1909249482417729613","","persephoze","in","bagi sini aku gelar s.fil","0","1","0","https://x.com/persephoze/status/1909249482417729613","1417789818512183300","persephoze"
"1909249479414542376","Mon Apr 07 14:18:42 +0000 2025","2","Mengenai mamah dan masakannya. Kalau pulang ke rumah setiap januari aku selalu bilang kalau aku ga pernah makan ikan selama di perantauan karena mahal. Sama mamah dimasakin menu ikan sama seafood jarang dimasakin ayam. Kadang dimasakin daging juga : )","1909249479414542376","","","in","bagi sini aku gelar s.fil","0","1","0","https://x.com/persephoze/status/1909249479414542376","1417789818512183300","persephoze"
"1909198515722678657","Mon Apr 07 14:18:22 +0000 2025","1","@IndoPopBase @grok sebelum RUU TNI disahkan siapa politisi dari partai oposisi yang punya akses terhadap draft RUU TNI?","1909249395486531654","","IndoPopBase","in","Jakarta","0","2","0","https://x.com/siceppot/status/1909249395486531654","65314321","siceppot"
"1909249178683031602","Mon Apr 07 14:17:30 +0000 2025","0","mau main kuda bareng itu ya kan wok @prabowo","1909249178683031602","","","in","ùì°ùì≤ùì¨ùì¥ùîÇ heart","0","0","0","https://x.com/rickyluvez/status/1909249178683031602","1646879332588216320","rickyluvez"
"1909248878978740721","Mon Apr 07 14:16:19 +0000 2025","0","Pengen nonton Jumbo:(((((","1909248878978740721","","","in","Magdeburg, Germany","0","0","0","https://x.com/odangmcflurry/status/1909248878978740721","128527384","odangmcflurry"
"1908526619603685476","Mon Apr 07 14:16:17 +0000 2025","0","@GossipBukan @JennyJusuf Emang kalian siapa? Yg demo berdarah2 sejak ruu ciptaker smp ruu tni aja kagak didengar!!!","1909248870934335691","","GossipBukan","in","Indonesia","0","0","0","https://x.com/soleilnova/status/1909248870934335691","38440899","soleilnova"
"1909248863925588022","Mon Apr 07 14:16:15 +0000 2025","0","Aduh https://t.co/2bJALXzYF7","1909248863925588022","https://pbs.twimg.com/media/Gn8DuAXbEAAFCI0.jpg","","in","","0","0","0","https://x.com/Agangbarr/status/1909248863925588022","1815827737288007680","Agangbarr"
"1909248807331918110","Mon Apr 07 14:16:02 +0000 2025","0","@prabowo KONTOL LU KONTOL ANJING MUKA LU KAYA MONYET GOBLOK","1909248807331918110","","prabowo","in","ùì°ùì≤ùì¨ùì¥ùîÇ heart","0","0","0","https://x.com/rickyluvez/status/1909248807331918110","1646879332588216320","rickyluvez"
"1909248282863575055","Mon Apr 07 14:13:57 +0000 2025","2","gabisa sih nonton fullnya gue pasti emosi banget najis. baru ditanya soal RUU TNI aja nadanya langsung tinggi defensif. cuih kualitas presiden kite kayak gini ya","1909248282863575055","","","in","","0","0","0","https://x.com/mistlef0e/status/1909248282863575055","230657997","mistlef0e"
"1909246885354934471","Mon Apr 07 14:13:08 +0000 2025","0","Lantas knp bisa ada versi karangan? Dan juga kepala negara sudah liat isi draft yg ruu polri?...lalu juga soal ruu tni yg ditanyakan bukannya presiden juga wakil rakyat? Knp terkesan gx mewakilkan dengan ucapan seperti itu?","1909248076998729880","","MkarimAhusni","in","indonesia,depok","0","1","0","https://x.com/MkarimAhusni/status/1909248076998729880","484054040","MkarimAhusni"
"1909105666322829641","Mon Apr 07 14:12:06 +0000 2025","0","@selingkuhanshua Selain war jennie war apalagi yg belum kuikuti?","1909247818876981612","","selingkuhanshua","in","bagi sini aku gelar s.fil","0","1","0","https://x.com/persephoze/status/1909247818876981612","1417789818512183300","persephoze"
"1909247778917904818","Mon Apr 07 14:11:57 +0000 2025","0","ini serius dulu dia beneran sekolah di luar negeri tapi.... ah sudahlahh","1909247778917904818","","","in","#IndonesiaGelap","0","0","0","https://x.com/komunalkiri/status/1909247778917904818","1850562084486172672","komunalkiri"
"1909247550261219606","Mon Apr 07 14:11:02 +0000 2025","10","Aliansi Mahasiswa Papua (AMP) menggelar aksi dalam memperingati 58 tahun kontrak kerja sama Pemerintah Indonesia dan Freeport. Mereka menuntut pencabutan seluruh perusahaan ilegal dari tanah Papua serta pencabutan RUU TNI. Aksi ini dilakukan di depan Gedung Merdeka (07/04). https://t.co/HBq0ssziMw","1909247550261219606","https://pbs.twimg.com/media/Gn8ChPibUAAsf47.jpg","","in","Bandung","0","0","1","https://x.com/isolapos/status/1909247550261219606","223417530","isolapos"
"1909247093199568973","Mon Apr 07 14:09:13 +0000 2025","0","Dikasih solusi kek benerin kebijakan biar lebih konsisten baik buat rakyat maupun investor batalin danantara batalin ruu tni batalin danantara tindak tegas ormas tindak tegas oknum... Tapi ternyata enggak didengerin. Ya mending kabur lah","1909247093199568973","","","in","Indonesia","0","0","0","https://x.com/TurquoiseMasaru/status/1909247093199568973","847701934542684160","TurquoiseMasaru"
"1909246659613343897","Mon Apr 07 14:07:30 +0000 2025","22","Ngomongin legislasi politik jauh dari partisipasi masyarakat kok contohnya RUU Polri.. Bukannya RUU TNI?! Ada rapat di Hotel dan tertutup lagi.. https://t.co/jf4uuOQnDJ","1909246659613343897","https://pbs.twimg.com/media/Gn8BuA5bIAARPjo.jpg","","in","Jakarta, Medan ","0","4","7","https://x.com/PaltiWest2024/status/1909246659613343897","1826886526657318912","PaltiWest2024"
"1909246549030543374","Mon Apr 07 14:07:04 +0000 2025","18","Saya sungguh kecewa dengan jawaban Prabowo ketika ditanya oleh Uni Lubis dari @IDNTimes uergensi RUU TNI dan permasalahan demo. Dan jawabannya adalah: 1. Apakah demo dibayar atau tidak 2. Apakah ada kekuatan asing 3. Saya juga mantan aparat 4. Saya juga bukan anak kecil 5.","1909246549030543374","","","in","+62","1","0","3","https://x.com/selaluelegan/status/1909246549030543374","54075296","selaluelegan"
"1909246254757847402","Mon Apr 07 14:05:53 +0000 2025","1","Jika hargai supremasi sipil perbaiki RUU TNI murni TNI &amp; tindak tegas oknum TNI arogan langgar hukum pidana militer/umum utama oknum korup copot jabatannya/baju militer karena pengkhianat instansi TNI sendiri &amp; mengkhianati jiwa Pancasila bangsa &amp; negara RI seharusnya dibela.","1909246254757847402","","","in","","0","0","0","https://x.com/jakubpjg/status/1909246254757847402","3140360197","jakubpjg"
"1909246193424646441","Mon Apr 07 14:05:39 +0000 2025","0","BERKAH SYAWAL","1909246193424646441","","","in","bagi sini aku gelar s.fil","0","0","0","https://x.com/persephoze/status/1909246193424646441","1417789818512183300","persephoze"
"1909195871893504116","Mon Apr 07 14:05:34 +0000 2025","1","@CNNIndonesia Jika hargai supremasi sipil perbaiki RUU TNI murni TNI &amp; tindak tegas oknum TNI arogan langgar hukum pidana militer/umum utama oknum korup copot jabatannya/baju militer karena pengkhianat instansi TNI sendiri &amp; mengkhianati jiwa Pancasila bangsa &amp; negara RI seharusnya dibela.","1909246174424690772","","CNNIndonesia","in","","0","0","0","https://x.com/jakubpjg/status/1909246174424690772","3140360197","jakubpjg"
"1909245929166966930","Mon Apr 07 14:04:36 +0000 2025","1","kata temen gw ternak femboy","1909245929166966930","","","in","ID/SU/EN/Êó•Êú¨Ë™û ok! ","0","0","0","https://x.com/roticoklats/status/1909245929166966930","811477699415851009","roticoklats"
"1909245391205441713","Mon Apr 07 14:04:13 +0000 2025","0","Setiap statement dari mba uli(?) uly(?) idk that one woman with short hair and glasses terkait RUU TNI selalu DIPOTONG dan pertanyaannya gak terjawab dan malah ngancem bawa2 klo bencana alam terjadi yg dluan turun siapa? Like??????? Anjir?????????? Udah gila","1909245835432628562","","zhigaraki","in","21‚≠°| EN/ID | any pronouns | bi","0","1","0","https://x.com/zhigaraki/status/1909245835432628562","1402646642910584833","zhigaraki"
"1909245005056913564","Mon Apr 07 14:00:55 +0000 2025","0","wowo cmn yakin klo ruu tni itu intinya nambahin pasal penambahan usia pensiun dan intinya dia ga peduli apa kata rakyat 'yang sesungguhnya'","1909245005056913564","","","in","","0","0","0","https://x.com/astorunaut/status/1909245005056913564","1685221847112253440","astorunaut"
"1909244646766915912","Mon Apr 07 13:59:30 +0000 2025","0","buset ni org goblok bgt ditanya apa urgensi nya terburu2 menerbitkan ruu tni MALAH DIJAWAB Boleh demo tapi jangan merusak fasilitas DIH OON BGT ANJINGGGG DITANYA APA DIJAWAB APA https://t.co/V9EXA6H9Xx","1909244646766915912","https://pbs.twimg.com/media/Gn7_4oWaAAA2nO3.jpg","","in","Jakarta ","0","1","0","https://x.com/dolcegust0/status/1909244646766915912","1614972115446566913","dolcegust0"
"1909244166829494363","Mon Apr 07 13:57:36 +0000 2025","1","ditanya kenapa bukan perampasan aset dulu yang dikerjain nyocot ruu tni mulu sampe ga kejawab. kalo uang kampanye dari judol ya emang gitu","1909244166829494363","","","in","","0","0","0","https://x.com/keyongsoo/status/1909244166829494363","884144856","keyongsoo"
"1909243123005551036","Mon Apr 07 13:57:01 +0000 2025","0","@grok @grok mnrt km yg pertemanannya bnr bnr tulus itu grup apa aja?","1909244021484233145","","grok","in","","0","1","0","https://x.com/lilourelle/status/1909244021484233145","1768606740290129920","lilourelle"
"1909211099813077143","Mon Apr 07 13:55:19 +0000 2025","5","@itsjustforyouuu @samuelpab @pandji Beras di rumah abis karena demonstran (oposisi) ga dikasih bansos. Bansos cuman buat yang udah tanda tangan di poster saya mendukung RUU TNI .","1909243592520171612","","itsjustforyouuu","in","103'24","0","0","0","https://x.com/dimasfthaa_/status/1909243592520171612","1733745668286787584","dimasfthaa_"
"1909243123005551036","Mon Apr 07 13:53:27 +0000 2025","0","@grok mnrt km grup kpop itu bener bener deket ga di real life? apa cmn sebatas partner kerja aja?","1909243123005551036","","grok","in","","0","1","0","https://x.com/lilourelle/status/1909243123005551036","1768606740290129920","lilourelle"
"1909241941575049722","Mon Apr 07 13:50:41 +0000 2025","0","Lg ditanyain apa urgensi buru2 bahas ruu tni ","1909242429611635042","","foreverinked","in","she/her","0","1","0","https://x.com/foreverinked/status/1909242429611635042","1557566461","foreverinked"
"1909191510735851735","Mon Apr 07 13:50:03 +0000 2025","0","@NarasiNewsroom Soal RUU TNI dulunya yg skr udh berbentuk UU TNI ada ga loh tanyain ato loh beritain di medsos loh ini? Ngomong jgn kyk kentut kl lg pengen ngentut dikeluarin sampe bau","1909242269628346559","","NarasiNewsroom","in","Mars.. COGITO ERGO SUM","0","0","0","https://x.com/jr_boyke/status/1909242269628346559","1606916636837318660","jr_boyke"
"1909242231145312464","Mon Apr 07 13:49:54 +0000 2025","0","Gw kok godok ya prabowo ditanya urgensi RUU TNI jawabannya demo itu biasa ... seblunder itu anjg","1909242231145312464","","","in","Wuhan, CN","0","0","0","https://x.com/babyxmoo/status/1909242231145312464","3235925342","babyxmoo"
"1909237918159495251","Mon Apr 07 13:49:31 +0000 2025","3","@NarasiNewsroom Beruntung Mbak @unilubis menukik tajam bertubi¬≤ soal RUU TNI Represivitas Aparat &amp; Pemerintahan Militeristik. soal demonstrasi disuruh objektif karena katanya bisa ada kepentingan asing &amp; demonstrasi yang membuat rusuh bisa dicap melawan Kepentingan Rakyat/Nasional .","1909242136354324852","","NarasiNewsroom","in","","0","2","1","https://x.com/prasetiandri/status/1909242136354324852","159928525","prasetiandri"
"1909236497607238056","Mon Apr 07 13:48:51 +0000 2025","2","@Naandaa27 Padahal RUU TNI Polri dan Kejaksaan tidak ada urgensinya sama sekali selain lebih untuk menguntungkan elitnya sendiri","1909241964555534377","","Naandaa27","in","Banjarmasin, Indonesia","0","0","1","https://x.com/vita_AVP/status/1909241964555534377","1042822530279473152","vita_AVP"
"1909131348608221590","Mon Apr 07 13:43:03 +0000 2025","0","@KompasTV Mending nga kse bae sj dlu ini negara judol korupsi aparat bapukul rakyat sipil jurnalis dibunuh uu tni ruu polri ruu jurnalis dengar suara rakyat ngana cuman ingin ini ingin itu ngana doraemon kah? Talalu banya konga nga ini","1909240508083589237","","KompasTV","in","üáÆüá©","0","0","0","https://x.com/twelvemonthz/status/1909240508083589237","1010919294861840385","twelvemonthz"
"1909232331858305149","Mon Apr 07 13:10:34 +0000 2025","0","#Rnews tolak RUU TNI","1909232331858305149","","","in","","0","0","0","https://x.com/KesuhOrakena/status/1909232331858305149","1907011052765958144","KesuhOrakena"
"1909232239684300868","Mon Apr 07 13:10:12 +0000 2025","1","Bapak @prabowo bukannya bikin kebijakan yang mendukung hal itu malah mendorong UU TNI RUU polri RUU penyiaran yang bikin gaduh dan investor jadi kabur. Batalin Mending bapak sowan ke pak @SBYudhoyono minta masukannya agar ekonomi pulih investor balik bukan malah sowan ke solo","1909232239684300868","","","in","Indonesia","0","1","0","https://x.com/pras18ter/status/1909232239684300868","1289114468","pras18ter"
"1909174452006609134","Mon Apr 07 13:10:04 +0000 2025","0","@dawgfromdahood bukannya yg dibayar tu yg kmrn dikasi sembako trus ttd dukung ruu tni itu ya WKWKWKWKWKKWKWKWKWKWKW wo wo jelek bgt","1909232208466116665","","dawgfromdahood","in","'02","0","0","0","https://x.com/geminiance/status/1909232208466116665","3157738664","geminiance"
"1909217765770322114","Mon Apr 07 13:08:31 +0000 2025","26","@kompascom Yg dibayar itu intel polisi dan tni pak.. Tapi demo tolak revisi ruu tni itu murni","1909231816764178858","","kompascom","in","","0","0","1","https://x.com/HalomoanHa91790/status/1909231816764178858","1766477518784380928","HalomoanHa91790"
"1909190932425294231","Mon Apr 07 13:07:12 +0000 2025","0","@anjirlahnjir @zenrs Wajar orang orang nanya ya dari garis besarnya aja jawaban yg disampaikan sangat mengecewakan banget. Apalagi sebelum ada kayak begini pas IHSG turun RUU TNI berbagai kejadian yang lain Narasi pada kemana? Tiba¬≤ ada momen gini gimana ga sus?","1909231483296129206","","anjirlahnjir","in","Ngawi, Jawa Timur","0","0","0","https://x.com/agramadhaan/status/1909231483296129206","839732707617718272","agramadhaan"
"1909221729123381665","Mon Apr 07 13:06:03 +0000 2025","0","ya Allah.... astagfirullahaladzim..... gue pgn maki2 pas dia blg demo kemarin yg jelas disampaikan muncul di 58 kota grgr RUU TNI itu diduga DIBAYAR krn mau DIADUDOMBA ANTEK ASING. trs bilang bakar2 ban itu bukan aksi damai??? trs aparat lu mukulin medis &amp; jurnalis trmsk apa nyet","1909231195596222624","","scattored","in","","0","1","0","https://x.com/scattored/status/1909231195596222624","242763020","scattored"
"1909228037251694668","Mon Apr 07 13:04:32 +0000 2025","0","@clyonomist P MAKSUD","1909230815613223039","","clyonomist","in","20+ / üáÆüá©","0","0","0","https://x.com/zahrapepesikan/status/1909230815613223039","1801920491042861057","zahrapepesikan"
"1909075312903856233","Mon Apr 07 13:01:47 +0000 2025","0","@KompasTV Yg jdi masalah bukan mereka pensiun atau ndk tpi pada saat mereka masuk BUMN ni mulai dri bawah atau langsung jdi pemegang kekuasaan? Klo jdi atasan bagus tolak tu RUU TNI","1909230119992107059","","KompasTV","in","pontianak","0","0","0","https://x.com/ediaoe1/status/1909230119992107059","753077539","ediaoe1"
"1909229980023980349","Mon Apr 07 13:01:13 +0000 2025","0","Pertanyaan mba @unilubis terkait RUU TNI sangat mantap dan mewakili banyak pikiran warga. Salut","1909229980023980349","","","in","","0","0","0","https://x.com/PallakaGO/status/1909229980023980349","957997845595893760","PallakaGO"
"1909228742255489235","Mon Apr 07 12:56:25 +0000 2025","287","Namun yang justru terjadi di lapangan: Kebijakan kebijakan yang belum waktu nya seperti RUU TNI terus didorong tanpa urgensi kondisi terkini bangsa Anggaran habis untuk kebijakan simbolik bukan penyelamatan ekonomi riil Padahal tekanan terhadap Rupiah makin besar namun","1909228773368864941","","AlwaysBeenChoze","in","North Carolina, USA","1","2","55","https://x.com/AlwaysBeenChoze/status/1909228773368864941","1713606095435096064","AlwaysBeenChoze"
"1909228037251694668","Mon Apr 07 12:54:25 +0000 2025","0","aku sayang adikku macan https://t.co/FAFcFzYefn","1909228267971981764","https://pbs.twimg.com/media/Gn7w_dHb0AAZ--q.jpg","zahrapepesikan","in","20+ / üáÆüá©","0","0","0","https://x.com/zahrapepesikan/status/1909228267971981764","1801920491042861057","zahrapepesikan"
"1909021515611586769","Mon Apr 07 12:50:26 +0000 2025","0","@TxtdariHI Loh kata siapa waktu kemaren libur aja mau lembur loh DPR bahas RUU TNI astaga wakil rakyatku rajin sekali Rajin matiin rakyat","1909227264233058589","","TxtdariHI","in","iconic move my motion ","0","0","0","https://x.com/entitasfana/status/1909227264233058589","1420401923430121481","entitasfana"
"1909174452006609134","Mon Apr 07 12:47:24 +0000 2025","2","@dawgfromdahood kepentingan antek asing apa sih guys wkwk kok nih orang selalu bilang pendemo di danain sama antek asing tf kaya negaranya gede aja gaada keuntungan untuk asing di RUU TNI overproud negaranya sendiri.","1909226501029122183","","dawgfromdahood","in","","0","0","1","https://x.com/shznaa_/status/1909226501029122183","1698208427418497024","shznaa_"
"1909198515722678657","Mon Apr 07 12:46:46 +0000 2025","9","@xoxosalman @IndoPopBase kayanya yg belum dipelajari itu RUU porli deh kalo diliat konteks surpresnya di menit 4:18 cuman emang aneh juga sih ini jawabannya mbak nana tanya RUU porli malah bahas lagi RUU TNI","1909226341586895283","","xoxosalman","in","","0","1","1","https://x.com/hayolah27/status/1909226341586895283","1407292171116449798","hayolah27"
"1908926438318686597","Mon Apr 07 12:44:27 +0000 2025","0","@mentalitasalay @baseconvo Yang penting ruu tni terealisasi kan","1909225760713490639","","mentalitasalay","in","","0","0","0","https://x.com/aquariusboy_1/status/1909225760713490639","1244246517331849216","aquariusboy_1"
"1909216143090340307","Mon Apr 07 12:43:22 +0000 2025","3","@nabiylarisfa Nanya ruu polri dijawab ruu tni. Tp jawaban terakhirnya setuju kalau kepolisian dikasih kewenangan yang cukup ","1909225485604999215","","nabiylarisfa","in","","0","0","0","https://x.com/tipaa/status/1909225485604999215","79931998","tipaa"
"1909225427819999552","Mon Apr 07 12:43:08 +0000 2025","0","jangan sampai isue dalang judi online kamboja menutup pengalihan isue untuk demo pencabutan ruu tni #TolakRUUTNI","1909225427819999552","","","in","","0","0","0","https://x.com/w_adiiiii/status/1909225427819999552","406242615","w_adiiiii"
"1909225232675770777","Mon Apr 07 12:42:21 +0000 2025","0","they way prabowo ngetawain draft ruu tni yg sudah beredar tai.","1909225232675770777","","","in","","0","1","0","https://x.com/onyourmarkllee/status/1909225232675770777","1278681163335266304","onyourmarkllee"
